source;target
sport bikes;honda
sport bikes;yamaha
sport bikes;suzuki
sport bikes;kawasaki
sport bikes;bmw motorrad
sport bikes;ducati
sport bikes;aprilia
sport bikes;dafra
sport bikes;triumph
sport bikes;benelli
cruises bikes;honda
cruises bikes;yamaha
cruises bikes;suzuki
cruises bikes;kawasaki
cruises bikes;bmw motorrad
cruises bikes;ducati
cruises bikes;aprilia
cruises bikes;benelli
cruises bikes;moto guzzi
cruises bikes;triumph
scooters;honda
scooters;yamaha
scooters;suzuki
scooters;kawasaki
scooters;bmw motorrad
scooters;ducati
scooters;aprilia
scooters;dafra
scooters;triumph
scooters;benelli
electric bikes;zeo motorcycles
electric bikes;dafra
electric bikes;harley davidson
electric bikes;royal enfield
electric bikes;Mv Agusta
naked bikes;honda
naked bikes;yamaha
naked bikes;suzuki
naked bikes;kawasaki
naked bikes;bmw motorrad
naked bikes;ducati
naked bikes;aprilia
naked bikes;dafra
naked bikes;triumph
naked bikes;benelli
Adventure Bikes;ducati
Adventure Bikes;aprilia
Adventure Bikes;dafra
Adventure Bikes;triumph
Adventure Bikes;benelli
